CurrencyKey	DateKey	AverageRate	EndOfDayRate	Date	CurrencyAlternateKey
36	20101229	1,0312467773538201	1,03060908997217	2010-12-29 00:00:00	EUR
36	20101230	1,0334849111202999	1,0341261633919301	2010-12-30 00:00:00	EUR
36	20101231	1,04058272632674	1,0400416016640699	2010-12-31 00:00:00	EUR
36	20110101	1,0398253093480301	1,0398253093480301	2011-01-01 00:00:00	EUR
36	20110102	1,03050288540808	1,02976006590464	2011-01-02 00:00:00	EUR
36	20110103	1,02901831652603	1,02933607822954	2011-01-03 00:00:00	EUR
36	20110104	1,0300782859497299	1,02923013585838	2011-01-04 00:00:00	EUR
36	20110105	1,0312467773538201	1,03199174406605	2011-01-05 00:00:00	EUR
36	20110106	1,0312467773538201	1,0302905419328201	2011-01-06 00:00:00	EUR
36	20110107	1,0231225700839	1,02354145342886	2011-01-07 00:00:00	EUR
36	20110108	1,01916021198532	1,01916021198532	2011-01-08 00:00:00	EUR
36	20110109	1,0137875101378799	1,0143016533117	2011-01-09 00:00:00	EUR
36	20110110	1,0170870626525601	1,01688021151108	2011-01-10 00:00:00	EUR
36	20110111	1,0153315057366199	1,0158472165786301	2011-01-11 00:00:00	EUR
36	20110112	1,0111223458038401	1,0104071940992201	2011-01-12 00:00:00	EUR
36	20110113	1,0084711577248899	1,00938730190774	2011-01-13 00:00:00	EUR
36	20110114	1,0092854259184501	1,00897992129957	2011-01-14 00:00:00	EUR
36	20110115	1,00603621730382	1,00613743837408	2011-01-15 00:00:00	EUR
36	20110116	1,0014019627478501	1,001001001001	2011-01-16 00:00:00	EUR
36	20110117	1,00200400801603	1,00270730973629	2011-01-17 00:00:00	EUR
36	20110118	1,0025062656641599	1,0023053021950501	2011-01-18 00:00:00	EUR
36	20110119	1,01502233049127	1,0154346060113699	2011-01-19 00:00:00	EUR
36	20110120	1,0225994477963001	1,02228583111838	2011-01-20 00:00:00	EUR
36	20110121	1,02480016396803	1,0252204223908099	2011-01-21 00:00:00	EUR
36	20110122	1,0214504596527101	1,02092904543134	2011-01-22 00:00:00	EUR
36	20110123	1,01502233049127	1,01553772722657	2011-01-23 00:00:00	EUR
36	20110124	1,0132738879319101	1,0132738879319101	2011-01-24 00:00:00	EUR
36	20110125	1,0131712259371799	1,0137875101378799	2011-01-25 00:00:00	EUR
36	20110126	1,0124531740406999	1,01163378856854	2011-01-26 00:00:00	EUR
36	20110127	1,00613743837408	1,00644122383253	2011-01-27 00:00:00	EUR
36	20110128	1,00351229302559	1,00331092605598	2011-01-28 00:00:00	EUR
36	20110129	1,01440454453236	1,0148163182464001	2011-01-29 00:00:00	EUR
36	20110130	1,0216591744993899	1,0207206287639099	2011-01-30 00:00:00	EUR
36	20110131	1,0074551682450099	1,0082677959266	2011-01-31 00:00:00	EUR
36	20110201	1,00816614578082	1,0075566750629701	2011-02-01 00:00:00	EUR
36	20110202	1,00816614578082	1,00836946657255	2011-02-02 00:00:00	EUR
36	20110203	1,0094891984655801	1,0087763542822601	2011-02-03 00:00:00	EUR
36	20110204	1,00806451612903	1,00836946657255	2011-02-04 00:00:00	EUR
36	20110205	1,00918357049147	1,00918357049147	2011-02-05 00:00:00	EUR
36	20110206	1,0132738879319101	1,0133765707336799	2011-02-06 00:00:00	EUR
36	20110207	1,0134792743488401	1,0131712259371799	2011-02-07 00:00:00	EUR
36	20110208	1,0124531740406999	1,01276078590237	2011-02-08 00:00:00	EUR
36	20110209	1,01276078590237	1,01224820325944	2011-02-09 00:00:00	EUR
36	20110210	1,01276078590237	1,01276078590237	2011-02-10 00:00:00	EUR
36	20110211	1,00684655658478	1,0067451927916999	2011-02-11 00:00:00	EUR
36	20110212	1,0041168792047399	1,00441944556047	2011-02-12 00:00:00	EUR
36	20110213	1,0041168792047399	1,00321027287319	2011-02-13 00:00:00	EUR
36	20110214	1,00715077047034	1,0077597500755799	2011-02-14 00:00:00	EUR
36	20110215	1,00553041729512	1,0053282396702501	2011-02-15 00:00:00	EUR
36	20110216	1,00542931831892	1,0058338362502499	2011-02-16 00:00:00	EUR
36	20110217	1,02564102564103	1,02480016396803	2011-02-17 00:00:00	EUR
36	20110218	1,03060908997217	1,0309278350515501	2011-02-18 00:00:00	EUR
36	20110219	1,03199174406605	1,0316723408645401	2011-02-19 00:00:00	EUR
36	20110220	1,0312467773538201	1,03209825575395	2011-02-20 00:00:00	EUR
36	20110221	1,02901831652603	1,02891243955139	2011-02-21 00:00:00	EUR
36	20110222	1,0295480284155301	1,03018440300814	2011-02-22 00:00:00	EUR
36	20110223	1,02901831652603	1,02870075095155	2011-02-23 00:00:00	EUR
36	20110224	1,0251153254741201	1,02585145670907	2011-02-24 00:00:00	EUR
36	20110225	1,0332713370531099	1,03295114141101	2011-02-25 00:00:00	EUR
36	20110226	1,03050288540808	1,0312467773538201	2011-02-26 00:00:00	EUR
36	20110227	1,0254306808859699	1,02480016396803	2011-02-27 00:00:00	EUR
36	20110228	1,0143016533117	1,01450745662981	2011-02-28 00:00:00	EUR
36	20110301	1,0135819987837	1,0126582278481	2011-03-01 00:00:00	EUR
36	20110302	1,0140959334753099	1,0143016533117	2011-03-02 00:00:00	EUR
36	20110303	1,0112245929821	1,01020305081321	2011-03-03 00:00:00	EUR
36	20110304	1,0131712259371799	1,01399310484689	2011-03-04 00:00:00	EUR
36	20110305	1,01224820325944	1,01183851057371	2011-03-05 00:00:00	EUR
36	20110306	1,0172939979654101	1,01739749720216	2011-03-06 00:00:00	EUR
36	20110307	1,00897992129957	1,00816614578082	2011-03-07 00:00:00	EUR
36	20110308	1,00897992129957	1,00979501161264	2011-03-08 00:00:00	EUR
36	20110309	1,00897992129957	1,0085728693898099	2011-03-09 00:00:00	EUR
36	20110310	1,00633994163228	1,0070493454179299	2011-03-10 00:00:00	EUR
36	20110311	1,00110121133247	1,0007004903432399	2011-03-11 00:00:00	EUR
36	20110312	1,00170289492137	1,0025062656641599	2011-03-12 00:00:00	EUR
36	20110313	0,98794704603833206	0,98765432098765404	2011-03-13 00:00:00	EUR
36	20110314	0,976371802382347	0,97694411879640497	2011-03-14 00:00:00	EUR
36	20110315	0,97703957010258902	0,97646714188067596	2011-03-15 00:00:00	EUR
36	20110316	0,97703957010258902	0,97789947193428495	2011-03-16 00:00:00	EUR
36	20110317	0,97021441738624203	0,969932104752667	2011-03-17 00:00:00	EUR
36	20110318	0,97191175041306299	0,97247884858504297	2011-03-18 00:00:00	EUR
36	20110319	0,97599063048994705	0,975895384014834	2011-03-19 00:00:00	EUR
36	20110320	0,99019704921279295	0,99117851124987599	2011-03-20 00:00:00	EUR
36	20110321	0,98241477551822398	0,98164327083537894	2011-03-21 00:00:00	EUR
36	20110322	0,98376783079193297	0,98386462022825605	2011-03-22 00:00:00	EUR
36	20110323	0,98386462022825605	0,98328416912487704	2011-03-23 00:00:00	EUR
36	20110324	0,98000784006272101	0,98010389101244699	2011-03-24 00:00:00	EUR
36	20110325	0,98619329388560195	0,98541584548679495	2011-03-25 00:00:00	EUR
36	20110326	0,99314728374217898	0,99393698439518896	2011-03-26 00:00:00	EUR
36	20110327	0,98444575703878701	0,98357430903904797	2011-03-27 00:00:00	EUR
36	20110328	0,98794704603833206	0,98804465961861498	2011-03-28 00:00:00	EUR
36	20110329	0,98794704603833206	0,98745926730522404	2011-03-29 00:00:00	EUR
36	20110330	0,98619329388560195	0,98687456824237596	2011-03-30 00:00:00	EUR
36	20110331	0,97962382445141105	0,97914422794477596	2011-03-31 00:00:00	EUR
36	20110401	0,98135426889107003	0,98173964264677005	2011-04-01 00:00:00	EUR
36	20110402	0,98599881680141999	0,98531875061582397	2011-04-02 00:00:00	EUR
36	20110403	0,98775187672856601	0,98823994465856302	2011-04-03 00:00:00	EUR
36	20110404	0,98522167487684698	0,98493056239535104	2011-04-04 00:00:00	EUR
36	20110405	0,98570724494825002	0,98599881680141999	2011-04-05 00:00:00	EUR
36	20110406	0,98463962189838505	0,98434885323358601	2011-04-06 00:00:00	EUR
36	20110407	0,98726429065060695	0,98736176935229103	2011-04-07 00:00:00	EUR
36	20110408	1,00300902708124	1,0023053021950501	2011-04-08 00:00:00	EUR
36	20110409	1,00300902708124	1,0037137408411101	2011-04-09 00:00:00	EUR
36	20110410	0,99275290380224401	0,99216192082547905	2011-04-10 00:00:00	EUR
36	20110411	0,97437396472766302	0,97513408093612897	2011-04-11 00:00:00	EUR
36	20110412	0,97437396472766302	0,97418412079883099	2011-04-12 00:00:00	EUR
36	20110413	0,97437396472766302	0,97446891444162897	2011-04-13 00:00:00	EUR
36	20110414	0,97191175041306299	0,97106234220236898	2011-04-14 00:00:00	EUR
36	20110415	0,964785335262904	0,96497153333976604	2011-04-15 00:00:00	EUR
36	20110416	0,97276264591439698	0,97191175041306299	2011-04-16 00:00:00	EUR
36	20110417	0,96450617283950602	0,965064659332175	2011-04-17 00:00:00	EUR
36	20110418	0,95923261390887304	0,95831336847148996	2011-04-18 00:00:00	EUR
36	20110419	0,96052252425319395	0,96061479346781897	2011-04-19 00:00:00	EUR
36	20110420	0,95812973076554597	0,95776266641126295	2011-04-20 00:00:00	EUR
36	20110421	0,95886470419023895	0,95960080606467701	2011-04-21 00:00:00	EUR
36	20110422	0,95904862376522504	0,95895665515918704	2011-04-22 00:00:00	EUR
36	20110423	0,96089170750456399	0,96098404766480905	2011-04-23 00:00:00	EUR
36	20110424	0,96627693496956202	0,96525096525096499	2011-04-24 00:00:00	EUR
36	20110425	0,96366965404259397	0,96450617283950602	2011-04-25 00:00:00	EUR
36	20110426	0,96366965404259397	0,96339113680154098	2011-04-26 00:00:00	EUR
36	20110427	0,96246390760346501	0,96320554806395697	2011-04-27 00:00:00	EUR
36	20110428	0,96404126096596898	0,96385542168674698	2011-04-28 00:00:00	EUR
36	20110429	0,96749226006192002	0,96833543139343503	2011-04-29 00:00:00	EUR
36	20110430	0,967960507211306	0,96767950454809404	2011-04-30 00:00:00	EUR
36	20110501	0,97134531325886397	0,97228974234321797	2011-05-01 00:00:00	EUR
36	20110502	0,97172286463900504	0,97077953596738198	2011-05-02 00:00:00	EUR
36	20110503	0,97172286463900504	0,97228974234321797	2011-05-03 00:00:00	EUR
36	20110504	0,97238428626993401	0,97153405226853196	2011-05-04 00:00:00	EUR
36	20110505	0,973046608932568	0,97370983446932802	2011-05-05 00:00:00	EUR
36	20110506	0,96441315459542898	0,96357679707072696	2011-05-06 00:00:00	EUR
36	20110507	0,96052252425319395	0,96052252425319395	2011-05-07 00:00:00	EUR
36	20110508	0,97134531325886397	0,97134531325886397	2011-05-08 00:00:00	EUR
36	20110509	0,97703957010258902	0,977230528681716	2011-05-09 00:00:00	EUR
36	20110510	0,97703957010258902	0,97627648149956103	2011-05-10 00:00:00	EUR
36	20110511	0,97675327212346197	0,97751710654936497	2011-05-11 00:00:00	EUR
36	20110512	0,96525096525096499	0,965064659332175	2011-05-12 00:00:00	EUR
36	20110513	0,96116878123798499	0,96190842631781504	2011-05-13 00:00:00	EUR
36	20110514	0,95047999239615999	0,95011876484560598	2011-05-14 00:00:00	EUR
36	20110515	0,96098404766480905	0,96190842631781504	2011-05-15 00:00:00	EUR
36	20110516	0,95501862286314598	0,95456281023291301	2011-05-16 00:00:00	EUR
36	20110517	0,95529231944975201	0,95565749235473996	2011-05-17 00:00:00	EUR
36	20110518	0,95556617295747703	0,95510983763132795	2011-05-18 00:00:00	EUR
36	20110519	0,95739588319770197	0,95748755266181496	2011-05-19 00:00:00	EUR
36	20110520	0,96190842631781504	0,96172340834775905	2011-05-20 00:00:00	EUR
36	20110521	0,96348395799209996	0,96404126096596898	2011-05-21 00:00:00	EUR
36	20110522	0,95822154082023803	0,95803793830235695	2011-05-22 00:00:00	EUR
36	20110523	0,95428953144383999	0,95501862286314598	2011-05-23 00:00:00	EUR
36	20110524	0,95428953144383999	0,95356155239820695	2011-05-24 00:00:00	EUR
36	20110525	0,95520106982519803	0,95556617295747703	2011-05-25 00:00:00	EUR
36	20110526	0,96209351548970601	0,96144601480626901	2011-05-26 00:00:00	EUR
36	20110527	0,95895665515918704	0,95960080606467701	2011-05-27 00:00:00	EUR
36	20110528	0,957946163425615	0,95748755266181496	2011-05-28 00:00:00	EUR
36	20110529	0,95438060698606597	0,95520106982519803	2011-05-29 00:00:00	EUR
36	20110530	0,96052252425319395	0,95987713572662703	2011-05-30 00:00:00	EUR
36	20110531	0,96098404766480905	0,96126117466115502	2011-05-31 00:00:00	EUR
36	20110601	0,96126117466115502	0,96061479346781897	2011-06-01 00:00:00	EUR
36	20110602	0,95229025807066003	0,95274390243902396	2011-06-02 00:00:00	EUR
36	20110603	0,94670074789359104	0,94598429666067596	2011-06-03 00:00:00	EUR
36	20110604	0,94073377234242705	0,94117647058823495	2011-06-04 00:00:00	EUR
36	20110605	0,93835038003190396	0,93799831160303904	2011-06-05 00:00:00	EUR
36	20110606	0,938174312787316	0,93879083740142699	2011-06-06 00:00:00	EUR
36	20110607	0,93905531035778	0,93843843843843799	2011-06-07 00:00:00	EUR
36	20110608	0,94011469399266701	0,94055680963130195	2011-06-08 00:00:00	EUR
36	20110609	0,93826233814974702	0,93808630393996295	2011-06-09 00:00:00	EUR
36	20110610	0,92072553171899496	0,92131932927952798	2011-06-10 00:00:00	EUR
36	20110611	0,92344630159756202	0,92310532631773301	2011-06-11 00:00:00	EUR
36	20110612	0,909421607857403	0,90991810737033696	2011-06-12 00:00:00	EUR
36	20110613	0,91124476034262802	0,91041514930808398	2011-06-13 00:00:00	EUR
36	20110614	0,91166013310237903	0,91207588471360801	2011-06-14 00:00:00	EUR
36	20110615	0,91124476034262802	0,91074681238615696	2011-06-15 00:00:00	EUR
36	20110616	0,91558322651529001	0,91625435220817297	2011-06-16 00:00:00	EUR
36	20110617	0,90843023255813904	0,90777051561365296	2011-06-17 00:00:00	EUR
36	20110618	0,89501476774366795	0,89533530307099995	2011-06-18 00:00:00	EUR
36	20110619	0,89023413157660503	0,88944231966556997	2011-06-19 00:00:00	EUR
36	20110620	0,89758549501840001	0,89790787465206101	2011-06-20 00:00:00	EUR
36	20110621	0,89726334679228403	0,89686098654708502	2011-06-21 00:00:00	EUR
36	20110622	0,89686098654708502	0,89758549501840001	2011-06-22 00:00:00	EUR
36	20110623	0,89831117499101698	0,89806915132465204	2011-06-23 00:00:00	EUR
36	20110624	0,90727635637815296	0,90744101633393803	2011-06-24 00:00:00	EUR
36	20110625	0,90661831368993695	0,90587915572062705	2011-06-25 00:00:00	EUR
36	20110626	0,90130689499774697	0,90179457119668105	2011-06-26 00:00:00	EUR
36	20110627	0,91903317709769305	0,91894872266127503	2011-06-27 00:00:00	EUR
36	20110628	0,91945568223611596	0,92021717125241598	2011-06-28 00:00:00	EUR
36	20110629	0,91886428374529106	0,91844232182218999	2011-06-29 00:00:00	EUR
36	20110630	0,91116173120728905	0,91124476034262802	2011-06-30 00:00:00	EUR
36	20110701	0,90179457119668105	0,90122566690699402	2011-07-01 00:00:00	EUR
36	20110702	0,89421443262094202	0,894294401717045	2011-07-02 00:00:00	EUR
36	20110703	0,89349535382416001	0,89301661010894795	2011-07-03 00:00:00	EUR
36	20110704	0,89879561387740403	0,89895720963682102	2011-07-04 00:00:00	EUR
36	20110705	0,89678055779750698	0,896619743566753	2011-07-05 00:00:00	EUR
36	20110706	0,89621796020792299	0,89629828807027001	2011-07-06 00:00:00	EUR
36	20110707	0,90260853867677604	0,90244562765093395	2011-07-07 00:00:00	EUR
36	20110708	0,90645395213923097	0,906782734856728	2011-07-08 00:00:00	EUR
36	20110709	0,90530508781459396	0,90456806874717299	2011-07-09 00:00:00	EUR
36	20110710	0,91182638825567597	0,91199270405836796	2011-07-10 00:00:00	EUR
36	20110711	0,93083868565577599	0,93023255813953498	2011-07-11 00:00:00	EUR
36	20110712	0,93492894540015004	0,93554121059032702	2011-07-12 00:00:00	EUR
36	20110713	0,93729496672602897	0,93641726753441301	2011-07-13 00:00:00	EUR
36	20110714	0,92669817440459601	0,927041809585612	2011-07-14 00:00:00	EUR
36	20110715	0,92954080684142004	0,92893636785880196	2011-07-15 00:00:00	EUR
36	20110716	0,93729496672602897	0,93755859741233805	2011-07-16 00:00:00	EUR
36	20110717	0,93135885256589401	0,93057882002605596	2011-07-17 00:00:00	EUR
36	20110718	0,94366330093422701	0,94446543256516802	2011-07-18 00:00:00	EUR
36	20110719	0,94670074789359104	0,94634238667549897	2011-07-19 00:00:00	EUR
36	20110720	0,94589481649640605	0,94625283875851596	2011-07-20 00:00:00	EUR
36	20110721	0,94804702313234701	0,94741828517290405	2011-07-21 00:00:00	EUR
36	20110722	0,95383441434566996	0,95447169991409797	2011-07-22 00:00:00	EUR
36	20110723	0,96153846153846201	0,96089170750456399	2011-07-23 00:00:00	EUR
36	20110724	0,95638867635807201	0,95721259691777505	2011-07-24 00:00:00	EUR
36	20110725	0,952834683182468	0,95201827875095202	2011-07-25 00:00:00	EUR
36	20110726	0,95328884652049595	0,95392540303348305	2011-07-26 00:00:00	EUR
36	20110727	0,95310712924132701	0,95247166396799698	2011-07-27 00:00:00	EUR
36	20110728	0,95274390243902396	0,95328884652049595	2011-07-28 00:00:00	EUR
36	20110729	0,96043027276219795	0,95960080606467701	2011-07-29 00:00:00	EUR
36	20110730	0,95757923968208403	0,95776266641126295	2011-07-30 00:00:00	EUR
36	20110731	0,95356155239820695	0,95310712924132701	2011-07-31 00:00:00	EUR
36	20110801	0,96562379297025902	0,96646370928771597	2011-08-01 00:00:00	EUR
36	20110802	0,96487842531840995	0,96394833236938504	2011-08-02 00:00:00	EUR
36	20110803	0,96348395799209996	0,96441315459542898	2011-08-03 00:00:00	EUR
36	20110804	0,95748755266181496	0,95702938080199096	2011-08-04 00:00:00	EUR
36	20110805	0,95638867635807201	0,95721259691777505	2011-08-05 00:00:00	EUR
36	20110806	0,94562647754137097	0,94482237339380204	2011-08-06 00:00:00	EUR
36	20110807	0,93703148425787097	0,93729496672602897	2011-08-07 00:00:00	EUR
36	20110808	0,93597903406963701	0,93589143659335505	2011-08-08 00:00:00	EUR
36	20110809	0,93589143659335505	0,93632958801498101	2011-08-09 00:00:00	EUR
36	20110810	0,93606664794533401	0,93580385551188505	2011-08-10 00:00:00	EUR
36	20110811	0,93668040464593505	0,93729496672602897	2011-08-11 00:00:00	EUR
36	20110812	0,94580535325829995	0,94544766947149494	2011-08-12 00:00:00	EUR
36	20110813	0,94259590913375402	0,94277364004902398	2011-08-13 00:00:00	EUR
36	20110814	0,95138426410427201	0,95075109336375696	2011-08-14 00:00:00	EUR
36	20110815	0,95328884652049595	0,95347063310449998	2011-08-15 00:00:00	EUR
36	20110816	0,95328884652049595	0,95265313899209303	2011-08-16 00:00:00	EUR
36	20110817	0,95174645474445596	0,95192765349833397	2011-08-17 00:00:00	EUR
36	20110818	0,95066070919288903	0,95029934429345198	2011-08-18 00:00:00	EUR
36	20110819	0,95147478591817303	0,95156532495955903	2011-08-19 00:00:00	EUR
36	20110820	0,95247166396799698	0,95183704549781101	2011-08-20 00:00:00	EUR
36	20110821	0,95066070919288903	0,95084149472282997	2011-08-21 00:00:00	EUR
36	20110822	0,94696969696969702	0,94688003030016099	2011-08-22 00:00:00	EUR
36	20110823	0,94876660341555996	0,94894666919719095	2011-08-23 00:00:00	EUR
36	20110824	0,94741828517290405	0,94679038060973297	2011-08-24 00:00:00	EUR
36	20110825	0,95529231944975201	0,95538358650998401	2011-08-25 00:00:00	EUR
36	20110826	0,95256239283673105	0,95192765349833397	2011-08-26 00:00:00	EUR
36	20110827	0,94206311822892097	0,94277364004902398	2011-08-27 00:00:00	EUR
36	20110828	0,93720712277413298	0,93703148425787097	2011-08-28 00:00:00	EUR
36	20110829	0,93747070404049904	0,93764650726676002	2011-08-29 00:00:00	EUR
36	20110830	0,93738282714660703	0,93685591156080195	2011-08-30 00:00:00	EUR
36	20110831	0,93808630393996295	0,93896713615023497	2011-08-31 00:00:00	EUR
36	20110901	0,93597903406963701	0,93554121059032702	2011-09-01 00:00:00	EUR
36	20110902	0,92584019998148304	0,92644061515656795	2011-09-02 00:00:00	EUR
36	20110903	0,92421441774491697	0,92387287509238702	2011-09-03 00:00:00	EUR
36	20110904	0,93292284728052999	0,93370681605975703	2011-09-04 00:00:00	EUR
36	20110905	0,93711929528629001	0,93703148425787097	2011-09-05 00:00:00	EUR
36	20110906	0,93580385551188505	0,93641726753441301	2011-09-06 00:00:00	EUR
36	20110907	0,93659267584527495	0,93632958801498101	2011-09-07 00:00:00	EUR
36	20110908	0,93266181682521898	0,93292284728052999	2011-09-08 00:00:00	EUR
36	20110909	0,93799831160303904	0,93791033577189997	2011-09-09 00:00:00	EUR
36	20110910	0,94179694857788698	0,94241824521722795	2011-09-10 00:00:00	EUR
36	20110911	0,93248787765759	0,93187960115553103	2011-09-11 00:00:00	EUR
36	20110912	0,923361034164358	0,92395823708768399	2011-09-12 00:00:00	EUR
36	20110913	0,92327578247622599	0,92267946115519495	2011-09-13 00:00:00	EUR
36	20110914	0,92344630159756202	0,92344630159756202	2011-09-14 00:00:00	EUR
36	20110915	0,927041809585612	0,92652645233021402	2011-09-15 00:00:00	EUR
36	20110916	0,91390970572107499	0,914745700695207	2011-09-16 00:00:00	EUR
36	20110917	0,913325417846379	0,91324200913242004	2011-09-17 00:00:00	EUR
36	20110918	0,90628965017219498	0,90628965017219498	2011-09-18 00:00:00	EUR
36	20110919	0,90719404880704002	0,90645395213923097	2011-09-19 00:00:00	EUR
36	20110920	0,90702947845805004	0,90777051561365296	2011-09-20 00:00:00	EUR
36	20110921	0,90744101633393803	0,90661831368993695	2011-09-21 00:00:00	EUR
36	20110922	0,90834771550549598	0,90892564988183999	2011-09-22 00:00:00	EUR
36	20110923	0,90155066714749399	0,90081974596883196	2011-09-23 00:00:00	EUR
36	20110924	0,89928057553956797	0,89960417416336802	2011-09-24 00:00:00	EUR
36	20110925	0,90801779714882402	0,90744101633393803	2011-09-25 00:00:00	EUR
36	20110926	0,90260853867677604	0,90309762485324696	2011-09-26 00:00:00	EUR
36	20110927	0,90252707581227398	0,90244562765093395	2011-09-27 00:00:00	EUR
36	20110928	0,90350560173473105	0,90358724134815205	2011-09-28 00:00:00	EUR
36	20110929	0,90530508781459396	0,90464990048851102	2011-09-29 00:00:00	EUR
36	20110930	0,91290852656563803	0,91307523739956198	2011-09-30 00:00:00	EUR
36	20111001	0,91482938431982397	0,91482938431982397	2011-10-01 00:00:00	EUR
36	20111002	0,91692646249770804	0,91734703238235005	2011-10-02 00:00:00	EUR
36	20111003	0,906207521522429	0,90555102780041696	2011-10-03 00:00:00	EUR
36	20111004	0,906864967806294	0,90768811836253105	2011-10-04 00:00:00	EUR
36	20111005	0,906864967806294	0,906864967806294	2011-10-05 00:00:00	EUR
36	20111006	0,90138813773210702	0,90211998195760001	2011-10-06 00:00:00	EUR
36	20111007	0,89686098654708502	0,89686098654708502	2011-10-07 00:00:00	EUR
36	20111008	0,89960417416336802	0,89984702600557898	2011-10-08 00:00:00	EUR
36	20111009	0,90277150853119104	0,90195724722648196	2011-10-09 00:00:00	EUR
36	20111010	0,90146939511403601	0,90211998195760001	2011-10-10 00:00:00	EUR
36	20111011	0,90309762485324696	0,90277150853119104	2011-10-11 00:00:00	EUR
36	20111012	0,90211998195760001	0,90277150853119104	2011-10-12 00:00:00	EUR
36	20111013	0,90049527239981997	0,90049527239981997	2011-10-13 00:00:00	EUR
36	20111014	0,89214024444642703	0,89285714285714302	2011-10-14 00:00:00	EUR
36	20111015	0,89325591782045599	0,89245872378402502	2011-10-15 00:00:00	EUR
36	20111016	0,88778409090909105	0,88825723929650002	2011-10-16 00:00:00	EUR
36	20111017	0,89992800575953902	0,89976606082418598	2011-10-17 00:00:00	EUR
36	20111018	0,90252707581227398	0,90326077138469896	2011-10-18 00:00:00	EUR
36	20111019	0,89960417416336802	0,89952325267608202	2011-10-19 00:00:00	EUR
36	20111020	0,89814981138854	0,89855332914008501	2011-10-20 00:00:00	EUR
36	20111021	0,89031339031338996	0,88983804947499601	2011-10-21 00:00:00	EUR
36	20111022	0,87054931661878698	0,87130783305741899	2011-10-22 00:00:00	EUR
36	20111023	0,87214372928658601	0,87183958151700103	2011-10-23 00:00:00	EUR
36	20111024	0,86903623881115799	0,86979211968339598	2011-10-24 00:00:00	EUR
36	20111025	0,86670133472005495	0,86647604193743999	2011-10-25 00:00:00	EUR
36	20111026	0,86670133472005495	0,86685159500693498	2011-10-26 00:00:00	EUR
36	20111027	0,85925416738271199	0,85859019489997401	2011-10-27 00:00:00	EUR
36	20111028	0,86229197206174002	0,86258949365996695	2011-10-28 00:00:00	EUR
36	20111029	0,85859019489997401	0,85800085800085801	2011-10-29 00:00:00	EUR
36	20111030	0,86535133264105202	0,86572591117652198	2011-10-30 00:00:00	EUR
36	20111031	0,85375224109963299	0,85346078347699905	2011-10-31 00:00:00	EUR
36	20111101	0,85251491901108301	0,85331512927724196	2011-11-01 00:00:00	EUR
36	20111102	0,85251491901108301	0,85244224703776295	2011-11-02 00:00:00	EUR
36	20111103	0,853606487409304	0,85426277122842997	2011-11-03 00:00:00	EUR
36	20111104	0,85091899251191305	0,85034013605442205	2011-11-04 00:00:00	EUR
36	20111105	0,848248367121893	0,84853627492575301	2011-11-05 00:00:00	EUR
36	20111106	0,85800085800085801	0,85748585148345102	2011-11-06 00:00:00	EUR
36	20111107	0,87827156156683694	0,878503030835456	2011-11-07 00:00:00	EUR
36	20111108	0,87604029785370097	0,87581012436503802	2011-11-08 00:00:00	EUR
36	20111109	0,87604029785370097	0,87619381407167296	2011-11-09 00:00:00	EUR
36	20111110	0,87382034253757401	0,87313367676591302	2011-11-10 00:00:00	EUR
36	20111111	0,88245675961877901	0,88300220750551905	2011-11-11 00:00:00	EUR
36	20111112	0,88300220750551905	0,88253463948459998	2011-11-12 00:00:00	EUR
36	20111113	0,879120879120879	0,87981699806440306	2011-11-13 00:00:00	EUR
36	20111114	0,879120879120879	0,87888908419757406	2011-11-14 00:00:00	EUR
36	20111115	0,879120879120879	0,87958483595742798	2011-11-15 00:00:00	EUR
36	20111116	0,88292424509976997	0,88276836158192096	2011-11-16 00:00:00	EUR
36	20111117	0,87858021437357203	0,87935279634189201	2011-11-17 00:00:00	EUR
36	20111118	0,87827156156683694	0,87819443224729998	2011-11-18 00:00:00	EUR
36	20111119	0,87427872005595397	0,87473757872638203	2011-11-19 00:00:00	EUR
36	20111120	0,87237197941202105	0,87183958151700103	2011-11-20 00:00:00	EUR
36	20111121	0,86835706842653704	0,86873425419164296	2011-11-21 00:00:00	EUR
36	20111122	0,86880973066898304	0,868206285813509	2011-11-22 00:00:00	EUR
36	20111123	0,86880973066898304	0,86926286509040296	2011-11-23 00:00:00	EUR
36	20111124	0,86828167057393402	0,86828167057393402	2011-11-24 00:00:00	EUR
36	20111125	0,87130783305741899	0,87161160986664299	2011-11-25 00:00:00	EUR
36	20111126	0,86918730986527604	0,86858334057152797	2011-11-26 00:00:00	EUR
36	20111127	0,86206896551724099	0,86258949365996695	2011-11-27 00:00:00	EUR
36	20111128	0,85346078347699905	0,85309674117044898	2011-11-28 00:00:00	EUR
36	20111129	0,85616438356164404	0,85616438356164404	2011-11-29 00:00:00	EUR
36	20111130	0,85616438356164404	0,85550517580631402	2011-11-30 00:00:00	EUR
36	20111201	0,85048477632250397	0,85070182900893199	2011-12-01 00:00:00	EUR
36	20111202	0,85462780958892404	0,85382513661202197	2011-12-02 00:00:00	EUR
36	20111203	0,83948959032907999	0,84005376344086002	2011-12-03 00:00:00	EUR
36	20111204	0,84295709348394199	0,84295709348394199	2011-12-04 00:00:00	EUR
36	20111205	0,84097216382137796	0,84132592966515196	2011-12-05 00:00:00	EUR
36	20111206	0,842034355001684	0,84182170216348196	2011-12-06 00:00:00	EUR
36	20111207	0,842034355001684	0,84238901524724097	2011-12-07 00:00:00	EUR
36	20111208	0,83528232542599401	0,83507306889352795	2011-12-08 00:00:00	EUR
36	20111209	0,83675006275625496	0,83745079976551395	2011-12-09 00:00:00	EUR
36	20111210	0,82795164762377904	0,82781456953642396	2011-12-10 00:00:00	EUR
36	20111211	0,82918739635157501	0,82946250829462498	2011-12-11 00:00:00	EUR
36	20111212	0,83991264908449503	0,839278220730172	2011-12-12 00:00:00	EUR
36	20111213	0,83899656011410395	0,83913736678694295	2011-12-13 00:00:00	EUR
36	20111214	0,83948959032907999	0,839278220730172	2011-12-14 00:00:00	EUR
36	20111215	0,84090144635048802	0,84153833207102602	2011-12-15 00:00:00	EUR
36	20111216	0,84846427965382698	0,84810448647273295	2011-12-16 00:00:00	EUR
36	20111217	0,86095566078346997	0,86140063743647199	2011-12-17 00:00:00	EUR
36	20111218	0,85866391894212601	0,85814811636488497	2011-12-18 00:00:00	EUR
36	20111219	0,86655112651646504	0,86715227193895295	2011-12-19 00:00:00	EUR
36	20111220	0,86798021005121095	0,86745315752949304	2011-12-20 00:00:00	EUR
36	20111221	0,86798021005121095	0,86835706842653704	2011-12-21 00:00:00	EUR
36	20111222	0,861178091629349	0,86073334480977803	2011-12-22 00:00:00	EUR
36	20111223	0,86028905712319304	0,86065926499698797	2011-12-23 00:00:00	EUR
36	20111224	0,85557837097878198	0,85499316005472004	2011-12-24 00:00:00	EUR
36	20111225	0,866025807569066	0,86632591180802199	2011-12-25 00:00:00	EUR
36	20111226	0,85977130083397801	0,85962348491360796	2011-12-26 00:00:00	EUR
36	20111227	0,86036307321689798	0,86051114361931003	2011-12-27 00:00:00	EUR
36	20111228	0,86036307321689798	0,86036307321689798	2011-12-28 00:00:00	EUR
36	20111229	0,85954959601169001	0,85999312005504003	2011-12-29 00:00:00	EUR
36	20111230	0,85785365016728199	0,85763293310463096	2011-12-30 00:00:00	EUR
36	20111231	0,85726532361765995	0,85726532361765995	2011-12-31 00:00:00	EUR
98	20101229	1,6173378618793499	1,6173378618793499	2010-12-29 00:00:00	GBP
98	20101230	1,62179695102173	1,62284972411555	2010-12-30 00:00:00	GBP
98	20101231	1,62443144899285	1,62258640272595	2010-12-31 00:00:00	GBP
98	20110101	1,62258640272595	1,62364020133138	2011-01-01 00:00:00	GBP
98	20110102	1,61681487469685	1,61655350792111	2011-01-02 00:00:00	GBP
98	20110103	1,6183848519177899	1,6199578810950901	2011-01-03 00:00:00	GBP
98	20110104	1,6189088554314399	1,6183848519177899	2011-01-04 00:00:00	GBP
98	20110105	1,6204829039053601	1,62258640272595	2011-01-05 00:00:00	GBP
98	20110106	1,62364020133138	1,62258640272595	2011-01-06 00:00:00	GBP
98	20110107	1,61524794055888	1,6157699143641899	2011-01-07 00:00:00	GBP
98	20110108	1,6123831022250901	1,61030595813205	2011-01-08 00:00:00	GBP
98	20110109	1,61082474226804	1,61290322580645	2011-01-09 00:00:00	GBP
98	20110110	1,6048788316482101	1,60462130937099	2011-01-10 00:00:00	GBP
98	20110111	1,60539412425751	1,60590974787217	2011-01-11 00:00:00	GBP
98	20110112	1,6030779095864101	1,6017940092904099	2011-01-12 00:00:00	GBP
98	20110113	1,5984654731457799	1,60076836881703	2011-01-13 00:00:00	GBP
98	20110114	1,59948816378759	1,5984654731457799	2011-01-14 00:00:00	GBP
98	20110115	1,59897665494084	1,60051216389245	2011-01-15 00:00:00	GBP
98	20110116	1,60051216389245	1,59897665494084	2011-01-16 00:00:00	GBP
98	20110117	1,60051216389245	1,6012810248198599	2011-01-17 00:00:00	GBP
98	20110118	1,6012810248198599	1,59974404095345	2011-01-18 00:00:00	GBP
98	20110119	1,6100466913540501	1,61264312207708	2011-01-19 00:00:00	GBP
98	20110120	1,62364020133138	1,62258640272595	2011-01-20 00:00:00	GBP
98	20110121	1,62628069604814	1,6286644951140099	2011-01-21 00:00:00	GBP
98	20110122	1,62443144899285	1,6239038648912001	2011-01-22 00:00:00	GBP
98	20110123	1,62311313098523	1,62364020133138	2011-01-23 00:00:00	GBP
98	20110124	1,62179695102173	1,62100826714216	2011-01-24 00:00:00	GBP
98	20110125	1,6212710765239899	1,62364020133138	2011-01-25 00:00:00	GBP
98	20110126	1,62337662337662	1,62284972411555	2011-01-26 00:00:00	GBP
98	20110127	1,6155088852988699	1,6157699143641899	2011-01-27 00:00:00	GBP
98	20110128	1,6061676839062	1,60590974787217	2011-01-28 00:00:00	GBP
98	20110129	1,6134236850596999	1,6157699143641899	2011-01-29 00:00:00	GBP
98	20110130	1,6116035455277999	1,61030595813205	2011-01-30 00:00:00	GBP
98	20110131	1,6048788316482101	1,6061676839062	2011-01-31 00:00:00	GBP
98	20110201	1,60565189466924	1,6051364365971099	2011-02-01 00:00:00	GBP
98	20110202	1,6064257028112401	1,6077170418006399	2011-02-02 00:00:00	GBP
98	20110203	1,6097875080489401	1,6087516087516101	2011-02-03 00:00:00	GBP
98	20110204	1,61030595813205	1,61134386077989	2011-02-04 00:00:00	GBP
98	20110205	1,6100466913540501	1,6097875080489401	2011-02-05 00:00:00	GBP
98	20110206	1,6175994823681701	1,6186468112657799	2011-02-06 00:00:00	GBP
98	20110207	1,61812297734628	1,6157699143641899	2011-02-07 00:00:00	GBP
98	20110208	1,61524794055888	1,6155088852988699	2011-02-08 00:00:00	GBP
98	20110209	1,6149870801033599	1,61316341345378	2011-02-09 00:00:00	GBP
98	20110210	1,6149870801033599	1,6173378618793499	2011-02-10 00:00:00	GBP
98	20110211	1,61420500403551	1,61290322580645	2011-02-11 00:00:00	GBP
98	20110212	1,61655350792111	1,6175994823681701	2011-02-12 00:00:00	GBP
98	20110213	1,61655350792111	1,6147263038914901	2011-02-13 00:00:00	GBP
98	20110214	1,6178611875101101	1,6194331983805701	2011-02-14 00:00:00	GBP
98	20110215	1,61681487469685	1,6157699143641899	2011-02-15 00:00:00	GBP
98	20110216	1,61681487469685	1,6175994823681701	2011-02-16 00:00:00	GBP
98	20110217	1,63692912096906	1,634521085322	2011-02-17 00:00:00	GBP
98	20110218	1,63559044815178	1,63746520386442	2011-02-18 00:00:00	GBP
98	20110219	1,6414970453053199	1,64041994750656	2011-02-19 00:00:00	GBP
98	20110220	1,6460905349794199	1,6460905349794199	2011-02-20 00:00:00	GBP
98	20110221	1,63800163800164	1,6363933889707101	2011-02-21 00:00:00	GBP
98	20110222	1,63934426229508	1,6396130513198901	2011-02-22 00:00:00	GBP
98	20110223	1,6396130513198901	1,63826998689384	2011-02-23 00:00:00	GBP
98	20110224	1,6363933889707101	1,63826998689384	2011-02-24 00:00:00	GBP
98	20110225	1,6477179106936899	1,6471750947125701	2011-02-25 00:00:00	GBP
98	20110226	1,64744645799012	1,64880461665293	2011-02-26 00:00:00	GBP
98	20110227	1,6460905349794199	1,6458196181698499	2011-02-27 00:00:00	GBP
98	20110228	1,6342539630658599	1,6353229762878201	2011-02-28 00:00:00	GBP
98	20110301	1,63505559189012	1,634521085322	2011-03-01 00:00:00	GBP
98	20110302	1,63505559189012	1,63692912096906	2011-03-02 00:00:00	GBP
98	20110303	1,63185378590078	1,63185378590078	2011-03-03 00:00:00	GBP
98	20110304	1,63692912096906	1,63880694854146	2011-03-04 00:00:00	GBP
98	20110305	1,6436554898093401	1,6414970453053199	2011-03-05 00:00:00	GBP
98	20110306	1,6539861065167101	1,6553550736633	2011-03-06 00:00:00	GBP
98	20110307	1,64880461665293	1,64744645799012	2011-03-07 00:00:00	GBP
98	20110308	1,64880461665293	1,6496205872649301	2011-03-08 00:00:00	GBP
98	20110309	1,64880461665293	1,6477179106936899	2011-03-09 00:00:00	GBP
98	20110310	1,65098233448902	1,65180046250413	2011-03-10 00:00:00	GBP
98	20110311	1,6447368421052599	1,6431153466973401	2011-03-11 00:00:00	GBP
98	20110312	1,63880694854146	1,6398819285011501	2011-03-12 00:00:00	GBP
98	20110313	1,63880694854146	1,6363933889707101	2011-03-13 00:00:00	GBP
98	20110314	1,6189088554314399	1,6202203499676	2011-03-14 00:00:00	GBP
98	20110315	1,6189088554314399	1,6183848519177899	2011-03-15 00:00:00	GBP
98	20110316	1,6191709844559601	1,6191709844559601	2011-03-16 00:00:00	GBP
98	20110317	1,61524794055888	1,61290322580645	2011-03-17 00:00:00	GBP
98	20110318	1,61524794055888	1,6175994823681701	2011-03-18 00:00:00	GBP
98	20110319	1,6077170418006399	1,6064257028112401	2011-03-19 00:00:00	GBP
98	20110320	1,59744408945687	1,5976993129893	2011-03-20 00:00:00	GBP
98	20110321	1,59134309357097	1,5908367801463601	2011-03-21 00:00:00	GBP
98	20110322	1,59134309357097	1,5923566878980899	2011-03-22 00:00:00	GBP
98	20110323	1,59058374423413	1,5903307888040701	2011-03-23 00:00:00	GBP
98	20110324	1,5969338869370799	1,59948816378759	2011-03-24 00:00:00	GBP
98	20110325	1,6121231662099	1,6121231662099	2011-03-25 00:00:00	GBP
98	20110326	1,61655350792111	1,6189088554314399	2011-03-26 00:00:00	GBP
98	20110327	1,6084928422068501	1,6061676839062	2011-03-27 00:00:00	GBP
98	20110328	1,5941335883947101	1,5951507417450901	2011-03-28 00:00:00	GBP
98	20110329	1,5941335883947101	1,5921031682853	2011-03-29 00:00:00	GBP
98	20110330	1,59311773140035	1,5933715742511201	2011-03-30 00:00:00	GBP
98	20110331	1,5870496746548199	1,5850372483753401	2011-03-31 00:00:00	GBP
98	20110401	1,5959144589850001	1,5982100047946299	2011-04-01 00:00:00	GBP
98	20110402	1,6077170418006399	1,60565189466924	2011-04-02 00:00:00	GBP
98	20110403	1,6077170418006399	1,6100466913540501	2011-04-03 00:00:00	GBP
98	20110404	1,6017940092904099	1,6002560409665501	2011-04-04 00:00:00	GBP
98	20110405	1,6017940092904099	1,6035920461834501	2011-04-05 00:00:00	GBP
98	20110406	1,60230732254446	1,60051216389245	2011-04-06 00:00:00	GBP
98	20110407	1,59974404095345	1,6000000000000001	2011-04-07 00:00:00	GBP
98	20110408	1,61264312207708	1,61030595813205	2011-04-08 00:00:00	GBP
98	20110409	1,6033349366682701	1,60539412425751	2011-04-09 00:00:00	GBP
98	20110410	1,6000000000000001	1,59795461808885	2011-04-10 00:00:00	GBP
98	20110411	1,5946420028703601	1,5954052329291599	2011-04-11 00:00:00	GBP
98	20110412	1,5946420028703601	1,5928639694170099	2011-04-12 00:00:00	GBP
98	20110413	1,59438775510204	1,5954052329291599	2011-04-13 00:00:00	GBP
98	20110414	1,5948963317384399	1,5946420028703601	2011-04-14 00:00:00	GBP
98	20110415	1,5782828282828301	1,5805278963173699	2011-04-15 00:00:00	GBP
98	20110416	1,5862944162436501	1,5847860538827301	2011-04-16 00:00:00	GBP
98	20110417	1,57629255989912	1,5772870662460601	2011-04-17 00:00:00	GBP
98	20110418	1,57678965625985	1,5757957768673201	2011-04-18 00:00:00	GBP
98	20110419	1,57678965625985	1,5782828282828301	2011-04-19 00:00:00	GBP
98	20110420	1,5772870662460601	1,5770383220312301	2011-04-20 00:00:00	GBP
98	20110421	1,5733165512901199	1,5757957768673201	2011-04-21 00:00:00	GBP
98	20110422	1,57952930026852	1,5782828282828301	2011-04-22 00:00:00	GBP
98	20110423	1,5807777426493801	1,5825288811520799	2011-04-23 00:00:00	GBP
98	20110424	1,5810276679841899	1,57952930026852	2011-04-24 00:00:00	GBP
98	20110425	1,5752993068683001	1,57629255989912	2011-04-25 00:00:00	GBP
98	20110426	1,5787811809283201	1,5787811809283201	2011-04-26 00:00:00	GBP
98	20110427	1,57678965625985	1,5787811809283201	2011-04-27 00:00:00	GBP
98	20110428	1,57952930026852	1,5780337699226801	2011-04-28 00:00:00	GBP
98	20110429	1,57678965625985	1,5792798483891299	2011-04-29 00:00:00	GBP
98	20110430	1,5728216420257899	1,57207986165697	2011-04-30 00:00:00	GBP
98	20110501	1,5752993068683001	1,57678965625985	2011-05-01 00:00:00	GBP
98	20110502	1,57455518815935	1,57405949944908	2011-05-02 00:00:00	GBP
98	20110503	1,57455518815935	1,5750511891636501	2011-05-03 00:00:00	GBP
98	20110504	1,5750511891636501	1,57455518815935	2011-05-04 00:00:00	GBP
98	20110505	1,5696123057604801	1,5715857300015701	2011-05-05 00:00:00	GBP
98	20110506	1,57257430413587	1,5715857300015701	2011-05-06 00:00:00	GBP
98	20110507	1,57778479015462	1,5780337699226801	2011-05-07 00:00:00	GBP
98	20110508	1,5870496746548199	1,5865460891638901	2011-05-08 00:00:00	GBP
98	20110509	1,5948963317384399	1,5959144589850001	2011-05-09 00:00:00	GBP
98	20110510	1,5941335883947101	1,5921031682853	2011-05-10 00:00:00	GBP
98	20110511	1,5941335883947101	1,5951507417450901	2011-05-11 00:00:00	GBP
98	20110512	1,58679784195494	1,5847860538827301	2011-05-12 00:00:00	GBP
98	20110513	1,5890672175433	1,5908367801463601	2011-05-13 00:00:00	GBP
98	20110514	1,5954052329291599	1,5948963317384399	2011-05-14 00:00:00	GBP
98	20110515	1,5959144589850001	1,59744408945687	2011-05-15 00:00:00	GBP
98	20110516	1,5921031682853	1,58957240502305	2011-05-16 00:00:00	GBP
98	20110517	1,5921031682853	1,5938795027096	2011-05-17 00:00:00	GBP
98	20110518	1,5921031682853	1,59184972938555	2011-05-18 00:00:00	GBP
98	20110519	1,59744408945687	1,6000000000000001	2011-05-19 00:00:00	GBP
98	20110520	1,5971889474524801	1,5971889474524801	2011-05-20 00:00:00	GBP
98	20110521	1,5832805573147599	1,5842839036755401	2011-05-21 00:00:00	GBP
98	20110522	1,58002844051193	1,5787811809283201	2011-05-22 00:00:00	GBP
98	20110523	1,5790304752881701	1,58002844051193	2011-05-23 00:00:00	GBP
98	20110524	1,5790304752881701	1,57678965625985	2011-05-24 00:00:00	GBP
98	20110525	1,5790304752881701	1,57952930026852	2011-05-25 00:00:00	GBP
98	20110526	1,58453493899541	1,5832805573147599	2011-05-26 00:00:00	GBP
98	20110527	1,5855398763278901	1,5865460891638901	2011-05-27 00:00:00	GBP
98	20110528	1,5880578053041099	1,5873015873015901	2011-05-28 00:00:00	GBP
98	20110529	1,5880578053041099	1,58957240502305	2011-05-29 00:00:00	GBP
98	20110530	1,5878056525881199	1,5873015873015901	2011-05-30 00:00:00	GBP
98	20110531	1,5878056525881199	1,5890672175433	2011-05-31 00:00:00	GBP
98	20110601	1,5862944162436501	1,5847860538827301	2011-06-01 00:00:00	GBP
98	20110602	1,5805278963173699	1,5812776723592701	2011-06-02 00:00:00	GBP
98	20110603	1,5787811809283201	1,57654106889484	2011-06-03 00:00:00	GBP
98	20110604	1,58202816010125	1,58202816010125	2011-06-04 00:00:00	GBP
98	20110605	1,57952930026852	1,5775358889414699	2011-06-05 00:00:00	GBP
98	20110606	1,5772870662460601	1,57778479015462	2011-06-06 00:00:00	GBP
98	20110607	1,5792798483891299	1,5772870662460601	2011-06-07 00:00:00	GBP
98	20110608	1,5792798483891299	1,5807777426493801	2011-06-08 00:00:00	GBP
98	20110609	1,5780337699226801	1,5770383220312301	2011-06-09 00:00:00	GBP
98	20110610	1,5807777426493801	1,58202816010125	2011-06-10 00:00:00	GBP
98	20110611	1,5752993068683001	1,57430730478589	2011-06-11 00:00:00	GBP
98	20110612	1,57232704402516	1,57430730478589	2011-06-12 00:00:00	GBP
98	20110613	1,5518311607697099	1,54990700557967	2011-06-13 00:00:00	GBP
98	20110614	1,5518311607697099	1,55207201614155	2011-06-14 00:00:00	GBP
98	20110615	1,5523129462899701	1,54990700557967	2011-06-15 00:00:00	GBP
98	20110616	1,5525539512498101	1,5544846883258201	2011-06-16 00:00:00	GBP
98	20110617	1,55957579538366	1,5590894917368301	2011-06-17 00:00:00	GBP
98	20110618	1,56201187129022	1,5622558975160099	2011-06-18 00:00:00	GBP
98	20110619	1,54106950223455	1,5403573629081899	2011-06-19 00:00:00	GBP
98	20110620	1,5278838808250601	1,5290519877675799	2011-06-20 00:00:00	GBP
98	20110621	1,5309246785058199	1,52858453072455	2011-06-21 00:00:00	GBP
98	20110622	1,5281173594132	1,5283509093687899	2011-06-22 00:00:00	GBP
98	20110623	1,53186274509804	1,5309246785058199	2011-06-23 00:00:00	GBP
98	20110624	1,5309246785058199	1,5316281206922999	2011-06-24 00:00:00	GBP
98	20110625	1,5105740181268901	1,5085231558304399	2011-06-25 00:00:00	GBP
98	20110626	1,5046644598254599	1,50602409638554	2011-06-26 00:00:00	GBP
98	20110627	1,51699029126214	1,5160703456640401	2011-06-27 00:00:00	GBP
98	20110628	1,5202189115232601	1,5218383807639599	2011-06-28 00:00:00	GBP
98	20110629	1,51952590791673	1,5192950470981501	2011-06-29 00:00:00	GBP
98	20110630	1,50602409638554	1,5073861923424801	2011-06-30 00:00:00	GBP
98	20110701	1,49365197908887	1,4932059130954201	2011-07-01 00:00:00	GBP
98	20110702	1,4938751120406299	1,49543891132047	2011-07-02 00:00:00	GBP
98	20110703	1,4825796886582701	1,48060408646728	2011-07-03 00:00:00	GBP
98	20110704	1,4880952380952399	1,4883167137966999	2011-07-04 00:00:00	GBP
98	20110705	1,4861049190072799	1,48588410104012	2011-07-05 00:00:00	GBP
98	20110706	1,48676776687481	1,48676776687481	2011-07-06 00:00:00	GBP
98	20110707	1,49365197908887	1,4934289127837499	2011-07-07 00:00:00	GBP
98	20110708	1,47688672278836	1,4784151389710201	2011-07-08 00:00:00	GBP
98	20110709	1,47623265426631	1,47470874502286	2011-07-09 00:00:00	GBP
98	20110710	1,47102088849662	1,47253718156383	2011-07-10 00:00:00	GBP
98	20110711	1,4914243102162601	1,48986889153754	2011-07-11 00:00:00	GBP
98	20110712	1,49209191286183	1,49209191286183	2011-07-12 00:00:00	GBP
98	20110713	1,49209191286183	1,49209191286183	2011-07-13 00:00:00	GBP
98	20110714	1,49186931224825	1,4923145799134501	2011-07-14 00:00:00	GBP
98	20110715	1,4956625785222899	1,4945449110745801	2011-07-15 00:00:00	GBP
98	20110716	1,5006002400960401	1,5015015015015001	2011-07-16 00:00:00	GBP
98	20110717	1,4938751120406299	1,4927601134497701	2011-07-17 00:00:00	GBP
98	20110718	1,50784077201448	1,5096618357487901	2011-07-18 00:00:00	GBP
98	20110719	1,5117157974300801	1,5114873035066501	2011-07-19 00:00:00	GBP
98	20110720	1,5082956259426801	1,50897842160857	2011-07-20 00:00:00	GBP
98	20110721	1,5190642564180501	1,51699029126214	2011-07-21 00:00:00	GBP
98	20110722	1,5283509093687899	1,5295197308045301	2011-07-22 00:00:00	GBP
98	20110723	1,5220700152207001	1,5199878400972799	2011-07-23 00:00:00	GBP
98	20110724	1,5096618357487901	1,5098897780461999	2011-07-24 00:00:00	GBP
98	20110725	1,5085231558304399	1,5073861923424801	2011-07-25 00:00:00	GBP
98	20110726	1,5080681646810401	1,50920615756112	2011-07-26 00:00:00	GBP
98	20110727	1,5085231558304399	1,5073861923424801	2011-07-27 00:00:00	GBP
98	20110728	1,51217299259035	1,51285930408472	2011-07-28 00:00:00	GBP
98	20110729	1,5082956259426801	1,5076134479119601	2011-07-29 00:00:00	GBP
98	20110730	1,49925037481259	1,5008254539996999	2011-07-30 00:00:00	GBP
98	20110731	1,51308821304282	1,51194436044754	2011-07-31 00:00:00	GBP
98	20110801	1,5144631228229599	1,51515151515152	2011-08-01 00:00:00	GBP
98	20110802	1,5167602002123499	1,51492198151795	2011-08-02 00:00:00	GBP
98	20110803	1,5144631228229599	1,5156107911488299	2011-08-03 00:00:00	GBP
98	20110804	1,51194436044754	1,5105740181268901	2011-08-04 00:00:00	GBP
98	20110805	1,51791135397693	1,5192950470981501	2011-08-05 00:00:00	GBP
98	20110806	1,4990256333383301	1,4983518130056901	2011-08-06 00:00:00	GBP
98	20110807	1,51377535573721	1,5160703456640401	2011-08-07 00:00:00	GBP
98	20110808	1,5033072760072199	1,5030813166992301	2011-08-08 00:00:00	GBP
98	20110809	1,5030813166992301	1,5046644598254599	2011-08-09 00:00:00	GBP
98	20110810	1,5030813166992301	1,5021781583295799	2011-08-10 00:00:00	GBP
98	20110811	1,49678191887442	1,4970059880239499	2011-08-11 00:00:00	GBP
98	20110812	1,5053439710973999	1,5046644598254599	2011-08-12 00:00:00	GBP
98	20110813	1,51194436044754	1,51217299259035	2011-08-13 00:00:00	GBP
98	20110814	1,51860288534548	1,5167602002123499	2011-08-14 00:00:00	GBP
98	20110815	1,5167602002123499	1,51791135397693	2011-08-15 00:00:00	GBP
98	20110816	1,5167602002123499	1,51492198151795	2011-08-16 00:00:00	GBP
98	20110817	1,5167602002123499	1,5172204521316901	2011-08-17 00:00:00	GBP
98	20110818	1,51285930408472	1,5117157974300801	2011-08-18 00:00:00	GBP
98	20110819	1,51492198151795	1,51699029126214	2011-08-19 00:00:00	GBP
98	20110820	1,5080681646810401	1,5080681646810401	2011-08-20 00:00:00	GBP
98	20110821	1,5073861923424801	1,5085231558304399	2011-08-21 00:00:00	GBP
98	20110822	1,51285930408472	1,5110305228165599	2011-08-22 00:00:00	GBP
98	20110823	1,51377535573721	1,51538111835127	2011-08-23 00:00:00	GBP
98	20110824	1,51377535573721	1,5124016938899001	2011-08-24 00:00:00	GBP
98	20110825	1,5133171912832899	1,51377535573721	2011-08-25 00:00:00	GBP
98	20110826	1,5165301789505601	1,51492198151795	2011-08-26 00:00:00	GBP
98	20110827	1,50670483652253	1,5082956259426801	2011-08-27 00:00:00	GBP
98	20110828	1,5028554253080899	1,50240384615385	2011-08-28 00:00:00	GBP
98	20110829	1,4985763524651601	1,5001500150014999	2011-08-29 00:00:00	GBP
98	20110830	1,4994751836857101	1,4994751836857101	2011-08-30 00:00:00	GBP
98	20110831	1,5008254539996999	1,5010507355148599	2011-08-31 00:00:00	GBP
98	20110901	1,4940983116689099	1,4927601134497701	2011-09-01 00:00:00	GBP
98	20110902	1,49678191887442	1,49678191887442	2011-09-02 00:00:00	GBP
98	20110903	1,4972301242701	1,49588631264024	2011-09-03 00:00:00	GBP
98	20110904	1,5124016938899001	1,5124016938899001	2011-09-04 00:00:00	GBP
98	20110905	1,5192950470981501	1,5190642564180501	2011-09-05 00:00:00	GBP
98	20110906	1,5167602002123499	1,51860288534548	2011-09-06 00:00:00	GBP
98	20110907	1,51699029126214	1,5160703456640401	2011-09-07 00:00:00	GBP
98	20110908	1,51515151515152	1,5172204521316901	2011-09-08 00:00:00	GBP
98	20110909	1,51538111835127	1,51515151515152	2011-09-09 00:00:00	GBP
98	20110910	1,5156107911488299	1,5160703456640401	2011-09-10 00:00:00	GBP
98	20110911	1,51377535573721	1,5114873035066501	2011-09-11 00:00:00	GBP
98	20110912	1,5030813166992301	1,5046644598254599	2011-09-12 00:00:00	GBP
98	20110913	1,5028554253080899	1,50262960180316	2011-09-13 00:00:00	GBP
98	20110914	1,50262960180316	1,5044380923725	2011-09-14 00:00:00	GBP
98	20110915	1,4988009592326099	1,4985763524651601	2011-09-15 00:00:00	GBP
98	20110916	1,4916467780429601	1,49365197908887	2011-09-16 00:00:00	GBP
98	20110917	1,4932059130954201	1,49209191286183	2011-09-17 00:00:00	GBP
98	20110918	1,4956625785222899	1,4965579167913801	2011-09-18 00:00:00	GBP
98	20110919	1,5046644598254599	1,5044380923725	2011-09-19 00:00:00	GBP
98	20110920	1,5048908954100799	1,50670483652253	2011-09-20 00:00:00	GBP
98	20110921	1,5044380923725	1,5030813166992301	2011-09-21 00:00:00	GBP
98	20110922	1,5110305228165599	1,5117157974300801	2011-09-22 00:00:00	GBP
98	20110923	1,5046644598254599	1,5044380923725	2011-09-23 00:00:00	GBP
98	20110924	1,5017269860339399	1,50240384615385	2011-09-24 00:00:00	GBP
98	20110925	1,4963339817447301	1,4963339817447301	2011-09-25 00:00:00	GBP
98	20110926	1,5015015015015001	1,5030813166992301	2011-09-26 00:00:00	GBP
98	20110927	1,5010507355148599	1,5008254539996999	2011-09-27 00:00:00	GBP
98	20110928	1,5021781583295799	1,50240384615385	2011-09-28 00:00:00	GBP
98	20110929	1,50398556173861	1,50398556173861	2011-09-29 00:00:00	GBP
98	20110930	1,50398556173861	1,50557061126167	2011-09-30 00:00:00	GBP
98	20111001	1,49992500374981	1,49925037481259	2011-10-01 00:00:00	GBP
98	20111002	1,4985763524651601	1,4985763524651601	2011-10-02 00:00:00	GBP
98	20111003	1,4887598630340899	1,4872099940511601	2011-10-03 00:00:00	GBP
98	20111004	1,4894250819183801	1,4914243102162601	2011-10-04 00:00:00	GBP
98	20111005	1,4894250819183801	1,4887598630340899	2011-10-05 00:00:00	GBP
98	20111006	1,4872099940511601	1,4887598630340899	2011-10-06 00:00:00	GBP
98	20111007	1,4830194275544999	1,4821402104639101	2011-10-07 00:00:00	GBP
98	20111008	1,48566334868519	1,48676776687481	2011-10-08 00:00:00	GBP
98	20111009	1,48126203525404	1,48104265402844	2011-10-09 00:00:00	GBP
98	20111010	1,4703720041170401	1,47167034584253	2011-10-10 00:00:00	GBP
98	20111011	1,46907595122668	1,46799765120376	2011-10-11 00:00:00	GBP
98	20111012	1,46907595122668	1,46929180135175	2011-10-12 00:00:00	GBP
98	20111013	1,46993973247097	1,4684287812041099	2011-10-13 00:00:00	GBP
98	20111014	1,4562399883500801	1,4566642388929401	2011-10-14 00:00:00	GBP
98	20111015	1,4592149423610099	1,45751348199971	2011-10-15 00:00:00	GBP
98	20111016	1,44906535284741	1,4507471347744101	2011-10-16 00:00:00	GBP
98	20111017	1,46391450739277	1,4619883040935699	2011-10-17 00:00:00	GBP
98	20111018	1,46370023419204	1,46477222791856	2011-10-18 00:00:00	GBP
98	20111019	1,46370023419204	1,4619883040935699	2011-10-19 00:00:00	GBP
98	20111020	1,4583637159107501	1,4587892049598801	2011-10-20 00:00:00	GBP
98	20111021	1,4545454545454499	1,4530659691950001	2011-10-21 00:00:00	GBP
98	20111022	1,4384349827387799	1,4400921658986201	2011-10-22 00:00:00	GBP
98	20111023	1,43740117866897	1,43595634692705	2011-10-23 00:00:00	GBP
98	20111024	1,41884222474461	1,4192449616803899	2011-10-24 00:00:00	GBP
98	20111025	1,4140271493212699	1,41242937853107	2011-10-25 00:00:00	GBP
98	20111026	1,4140271493212699	1,4156285390713499	2011-10-26 00:00:00	GBP
98	20111027	1,4054813773717501	1,4040999719180001	2011-10-27 00:00:00	GBP
98	20111028	1,40587656403768	1,4072614691809699	2011-10-28 00:00:00	GBP
98	20111029	1,4086491055078201	1,4070634585619799	2011-10-29 00:00:00	GBP
98	20111030	1,4070634585619799	1,40805406927626	2011-10-30 00:00:00	GBP
98	20111031	1,39801481895708	1,39762403913347	2011-10-31 00:00:00	GBP
98	20111101	1,3960631020522101	1,39703827884884	2011-11-01 00:00:00	GBP
98	20111102	1,3960631020522101	1,39567341242149	2011-11-02 00:00:00	GBP
98	20111103	1,40449438202247	1,4050864128143901	2011-11-03 00:00:00	GBP
98	20111104	1,40984068800226	1,40964195094446	2011-11-04 00:00:00	GBP
98	20111105	1,41063619692481	1,41262890238734	2011-11-05 00:00:00	GBP
98	20111106	1,4369880729989899	1,4355440712029901	2011-11-06 00:00:00	GBP
98	20111107	1,45751348199971	1,45900204260286	2011-11-07 00:00:00	GBP
98	20111108	1,4532771399505899	1,4515894904920901	2011-11-08 00:00:00	GBP
98	20111109	1,4532771399505899	1,4545454545454499	2011-11-09 00:00:00	GBP
98	20111110	1,45201103528387	1,4501160092807399	2011-11-10 00:00:00	GBP
98	20111111	1,46327187591454	1,46477222791856	2011-11-11 00:00:00	GBP
98	20111112	1,46391450739277	1,46241591108511	2011-11-12 00:00:00	GBP
98	20111113	1,46305779078274	1,4634860237084699	2011-11-13 00:00:00	GBP
98	20111114	1,46305779078274	1,46241591108511	2011-11-14 00:00:00	GBP
98	20111115	1,46305779078274	1,46498681511866	2011-11-15 00:00:00	GBP
98	20111116	1,47405660377359	1,47253718156383	2011-11-16 00:00:00	GBP
98	20111117	1,4675667742882299	1,4677821811243199	2011-11-17 00:00:00	GBP
98	20111118	1,46670577882077	1,46498681511866	2011-11-18 00:00:00	GBP
98	20111119	1,4587892049598801	1,45900204260286	2011-11-19 00:00:00	GBP
98	20111120	1,4496955639315701	1,44822592324403	2011-11-20 00:00:00	GBP
98	20111121	1,44906535284741	1,4494854326714	2011-11-21 00:00:00	GBP
98	20111122	1,4452955629426201	1,4444604940054899	2011-11-22 00:00:00	GBP
98	20111123	1,4452955629426201	1,4461315979754199	2011-11-23 00:00:00	GBP
98	20111124	1,4488554042306601	1,44822592324403	2011-11-24 00:00:00	GBP
98	20111125	1,4553922282055001	1,4566642388929401	2011-11-25 00:00:00	GBP
98	20111126	1,46305779078274	1,4615609470914901	2011-11-26 00:00:00	GBP
98	20111127	1,46972369194591	1,47167034584253	2011-11-27 00:00:00	GBP
98	20111128	1,4515894904920901	1,4515894904920901	2011-11-28 00:00:00	GBP
98	20111129	1,4518002322880399	1,45201103528387	2011-11-29 00:00:00	GBP
98	20111130	1,45201103528387	1,4503263234227699	2011-11-30 00:00:00	GBP
98	20111201	1,4475969889982601	1,4494854326714	2011-12-01 00:00:00	GBP
98	20111202	1,4507471347744101	1,4499057561258499	2011-12-02 00:00:00	GBP
98	20111203	1,44404332129964	1,44404332129964	2011-12-03 00:00:00	GBP
98	20111204	1,4461315979754199	1,4459224985540799	2011-12-04 00:00:00	GBP
98	20111205	1,4501160092807399	1,4507471347744101	2011-12-05 00:00:00	GBP
98	20111206	1,4501160092807399	1,4496955639315701	2011-12-06 00:00:00	GBP
98	20111207	1,4528548597995099	1,45475705557172	2011-12-07 00:00:00	GBP
98	20111208	1,4511681903932701	1,44906535284741	2011-12-08 00:00:00	GBP
98	20111209	1,4499057561258499	1,4515894904920901	2011-12-09 00:00:00	GBP
98	20111210	1,4320492624946299	1,43041052782148	2011-12-10 00:00:00	GBP
98	20111211	1,4351320321469601	1,4357501794687699	2011-12-11 00:00:00	GBP
98	20111212	1,4541224371092001	1,4539110206455399	2011-12-12 00:00:00	GBP
98	20111213	1,4549687181725599	1,4566642388929401	2011-12-13 00:00:00	GBP
98	20111214	1,4549687181725599	1,4539110206455399	2011-12-14 00:00:00	GBP
98	20111215	1,4507471347744101	1,4507471347744101	2011-12-15 00:00:00	GBP
98	20111216	1,44822592324403	1,4465499783017499	2011-12-16 00:00:00	GBP
98	20111217	1,4522218995062399	1,4532771399505899	2011-12-17 00:00:00	GBP
98	20111218	1,4461315979754199	1,4461315979754199	2011-12-18 00:00:00	GBP
98	20111219	1,4486455164421299	1,4494854326714	2011-12-19 00:00:00	GBP
98	20111220	1,4496955639315701	1,4496955639315701	2011-12-20 00:00:00	GBP
98	20111221	1,44906535284741	1,45053669857847	2011-12-21 00:00:00	GBP
98	20111222	1,42775556824672	1,42612664004564	2011-12-22 00:00:00	GBP
98	20111223	1,4336917562724001	1,4349261013057799	2011-12-23 00:00:00	GBP
98	20111224	1,4247043738424301	1,4240956992309901	2011-12-24 00:00:00	GBP
98	20111225	1,4316392269148199	1,4320492624946299	2011-12-25 00:00:00	GBP
98	20111226	1,42571998859424	1,4240956992309901	2011-12-26 00:00:00	GBP
98	20111227	1,42755174875089	1,4281633818908901	2011-12-27 00:00:00	GBP
98	20111228	1,4265335235378001	1,4253135689851799	2011-12-28 00:00:00	GBP
98	20111229	1,4376078205865399	1,43967751223726	2011-12-29 00:00:00	GBP
98	20111230	1,43081985977965	1,4289797084881399	2011-12-30 00:00:00	GBP
98	20111231	1,42734798743934	1,42755174875089	2011-12-31 00:00:00	GBP
